,Time,TP,TE1,TE2,TE3,TE4,TE6,Program Number,Phase,Min_ster_Temp,Max_ster_Temp,Batch Status,Log name,PAD,TER1,TER2,TER3,TER4,TPR1,TE7,TER6,TPR2,TPR3,TPR4,TE17,DataLabel
5700,1/14/2019 14:32,0.99,,22.7,22.9,,,1,PREPARE AUTOCLAVE,95.8,114.3,OK,00020.LOG,,,,,,,,,,,,,16
5701,1/14/2019 14:32,0.99,,22.7,22.8,,,1,PREPARE AUTOCLAVE,95.8,114.3,OK,00020.LOG,,,,,,,,,,,,,16
5702,1/14/2019 14:32,0.99,,22.7,22.8,,,1,DEPRESSURIZE BY,95.8,114.3,OK,00020.LOG,,,,,,,,,,,,,16
5703,1/14/2019 14:32,0.83,,22.7,22.8,,,1,DEPRESSURIZE BY,95.8,114.3,OK,00020.LOG,,,,,,,,,,,,,16
5704,1/14/2019 14:32,0.69,,22.5,22.6,,,1,DEPRESSURIZE BY,95.8,114.3,OK,00020.LOG,,,,,,,,,,,,,16
5705,1/14/2019 14:33,0.59,,22.2,22.1,,,1,DEPRESSURIZE BY,95.8,114.3,OK,00020.LOG,,,,,,,,,,,,,16
5706,1/14/2019 14:33,0.54,,22.1,21.8,,,1,DEPRESSURIZE BY,95.8,114.3,OK,00020.LOG,,,,,,,,,,,,,16
5707,1/14/2019 14:33,92.0,,ALARM,SILENCED,,,1,DEPRESSURIZE BY,95.8,114.3,OK,00020.LOG,,,,,,,,,,,,,16
5708,1/14/2019 14:33,0.52,,22.1,21.6,,,1,DEPRESSURIZE BY,95.8,114.3,OK,00020.LOG,,,,,,,,,,,,,16
5709,1/14/2019 14:33,0.5,,22,21.5,,,1,DEPRESSURIZE BY,95.8,114.3,OK,00020.LOG,,,,,,,,,,,,,16
5710,1/14/2019 14:33,0.43,,21.7,21,,,1,DEPRESSURIZE BY,95.8,114.3,OK,00020.LOG,,,,,,,,,,,,,16
5711,1/14/2019 14:33,0.38,,21.5,20.6,,,1,DEPRESSURIZE BY,95.8,114.3,OK,00020.LOG,,,,,,,,,,,,,16
5712,1/14/2019 14:33,0.33,,21.3,20.2,,,1,DEPRESSURIZE BY,95.8,114.3,OK,00020.LOG,,,,,,,,,,,,,16
5713,1/14/2019 14:33,0.28,,21.2,19.9,,,1,DEPRESSURIZE BY,95.8,114.3,OK,00020.LOG,,,,,,,,,,,,,16
5714,1/14/2019 14:34,0.24,,21,19.8,,,1,DEPRESSURIZE BY,95.8,114.3,OK,00020.LOG,,,,,,,,,,,,,16
5715,1/14/2019 14:34,0.21,,20.9,19.6,,,1,DEPRESSURIZE BY,95.8,114.3,OK,00020.LOG,,,,,,,,,,,,,16
5716,1/14/2019 14:34,0.18,,20.8,19.6,,,1,DEPRESSURIZE BY,95.8,114.3,OK,00020.LOG,,,,,,,,,,,,,16
5717,1/14/2019 14:34,0.16,,20.7,19.5,,,1,DEPRESSURIZE BY,95.8,114.3,OK,00020.LOG,,,,,,,,,,,,,16
5718,1/14/2019 14:34,0.14,,20.6,19.5,,,1,DEPRESSURIZE BY,95.8,114.3,OK,00020.LOG,,,,,,,,,,,,,16
5719,1/14/2019 14:34,0.12,,20.5,19.5,,,1,DEPRESSURIZE BY,95.8,114.3,OK,00020.LOG,,,,,,,,,,,,,16
5720,1/14/2019 14:35,0.11,,20.5,19.5,,,1,DEPRESSURIZE BY,95.8,114.3,OK,00020.LOG,,,,,,,,,,,,,16
5721,1/14/2019 14:35,0.1,,20.4,19.5,,,1,DEPRESSURIZE BY,95.8,114.3,OK,00020.LOG,,,,,,,,,,,,,16
5722,1/14/2019 14:35,0.09,,20.3,19.5,,,1,DEPRESSURIZE BY,95.8,114.3,OK,00020.LOG,,,,,,,,,,,,,16
5723,1/14/2019 14:35,0.08,,20.3,19.5,,,1,DEPRESSURIZE BY,95.8,114.3,OK,00020.LOG,,,,,,,,,,,,,16
5724,1/14/2019 14:35,0.08,,20.2,19.5,,,1,DEPRESSURIZE BY,95.8,114.3,OK,00020.LOG,,,,,,,,,,,,,16
5725,1/14/2019 14:35,0.07,,20.2,19.5,,,1,DEPRESSURIZE BY,95.8,114.3,OK,00020.LOG,,,,,,,,,,,,,16
5726,1/14/2019 14:35,0.07,,20.2,19.5,,,1,CHAMBER VACUUM,95.8,114.3,OK,00020.LOG,,,,,,,,,,,,,16
5727,1/14/2019 14:35,0.08,,20.2,19.5,,,1,CHAMBER VACUUM,95.8,114.3,OK,00020.LOG,,,,,,,,,,,,,16
5728,1/14/2019 14:36,0.08,,20.1,19.5,,,1,CHAMBER VACUUM,95.8,114.3,OK,00020.LOG,,,,,,,,,,,,,16
5729,1/14/2019 14:36,0.08,,20.1,19.6,,,1,CHAMBER VACUUM,95.8,114.3,OK,00020.LOG,,,,,,,,,,,,,16
5730,1/14/2019 14:36,0.08,,20.1,19.6,,,1,CHAMBER VACUUM,95.8,114.3,OK,00020.LOG,,,,,,,,,,,,,16
5731,1/14/2019 14:36,0.08,,20,19.6,,,1,CHAMBER VACUUM,95.8,114.3,OK,00020.LOG,,,,,,,,,,,,,16
5732,1/14/2019 14:36,0.08,,20,19.6,,,1,CHAMBER VACUUM,95.8,114.3,OK,00020.LOG,,,,,,,,,,,,,16
5733,1/14/2019 14:36,0.08,,20,19.6,,,1,CHAMBER VACUUM,95.8,114.3,OK,00020.LOG,,,,,,,,,,,,,16
5734,1/14/2019 14:37,0.08,,20,19.6,,,1,CHAMBER VACUUM,95.8,114.3,OK,00020.LOG,,,,,,,,,,,,,16
5735,1/14/2019 14:37,0.08,,19.9,19.7,,,1,CHAMBER VACUUM,95.8,114.3,OK,00020.LOG,,,,,,,,,,,,,16
5736,1/14/2019 14:37,0.08,,19.9,19.7,,,1,CHAMBER VACUUM,95.8,114.3,OK,00020.LOG,,,,,,,,,,,,,16
5737,1/14/2019 14:37,0.08,,19.9,19.7,,,1,CHAMBER VACUUM,95.8,114.3,OK,00020.LOG,,,,,,,,,,,,,16
5738,1/14/2019 14:37,0.08,,19.9,19.7,,,1,CHAMBER VACUUM,95.8,114.3,OK,00020.LOG,,,,,,,,,,,,,16
5739,1/14/2019 14:37,0.08,,19.9,19.7,,,1,CHAMBER VACUUM,95.8,114.3,OK,00020.LOG,,,,,,,,,,,,,16
5740,1/14/2019 14:38,0.08,,19.9,19.7,,,1,CHAMBER VACUUM,95.8,114.3,OK,00020.LOG,,,,,,,,,,,,,16
5741,1/14/2019 14:38,0.08,,19.9,19.7,,,1,CHAMBER VACUUM,95.8,114.3,OK,00020.LOG,,,,,,,,,,,,,16
5742,1/14/2019 14:38,0.08,,19.8,19.7,,,1,CHAMBER VACUUM,95.8,114.3,OK,00020.LOG,,,,,,,,,,,,,16
5743,1/14/2019 14:38,0.08,,19.8,19.7,,,1,CHAMBER VACUUM,95.8,114.3,OK,00020.LOG,,,,,,,,,,,,,16
5744,1/14/2019 14:38,0.08,,19.8,19.7,,,1,CHAMBER VACUUM,95.8,114.3,OK,00020.LOG,,,,,,,,,,,,,16
5745,1/14/2019 14:38,0.08,,19.8,19.7,,,1,CHAMBER VACUUM,95.8,114.3,OK,00020.LOG,,,,,,,,,,,,,16
5746,1/14/2019 14:39,0.08,,19.8,19.8,,,1,CHAMBER VACUUM,95.8,114.3,OK,00020.LOG,,,,,,,,,,,,,16
5747,1/14/2019 14:39,0.08,,19.8,19.8,,,1,CHAMBER VACUUM,95.8,114.3,OK,00020.LOG,,,,,,,,,,,,,16
5748,1/14/2019 14:39,0.08,,19.8,19.8,,,1,CHAMBER VACUUM,95.8,114.3,OK,00020.LOG,,,,,,,,,,,,,16
5749,1/14/2019 14:39,0.08,,19.8,19.8,,,1,CHAMBER VACUUM,95.8,114.3,OK,00020.LOG,,,,,,,,,,,,,16
5750,1/14/2019 14:39,0.08,,19.8,19.8,,,1,CHAMBER VACUUM,95.8,114.3,OK,00020.LOG,,,,,,,,,,,,,16
5751,1/14/2019 14:39,0.08,,19.8,19.8,,,1,CHAMBER VACUUM,95.8,114.3,OK,00020.LOG,,,,,,,,,,,,,16
5752,1/14/2019 14:40,0.08,,19.8,19.8,,,1,CHAMBER VACUUM,95.8,114.3,OK,00020.LOG,,,,,,,,,,,,,16
5753,1/14/2019 14:40,0.08,,19.7,19.8,,,1,CHAMBER VACUUM,95.8,114.3,OK,00020.LOG,,,,,,,,,,,,,16
5754,1/14/2019 14:40,0.08,,19.7,19.8,,,1,CHAMBER VACUUM,95.8,114.3,OK,00020.LOG,,,,,,,,,,,,,16
5755,1/14/2019 14:40,0.08,,19.7,19.8,,,1,CHAMBER VACUUM,95.8,114.3,OK,00020.LOG,,,,,,,,,,,,,16
5756,1/14/2019 14:40,0.08,,19.7,19.8,,,1,CHAMBER VACUUM,95.8,114.3,OK,00020.LOG,,,,,,,,,,,,,16
5757,1/14/2019 14:40,0.08,,19.7,19.8,,,1,CHAMBER VACUUM,95.8,114.3,OK,00020.LOG,,,,,,,,,,,,,16
5758,1/14/2019 14:41,0.08,,19.7,19.8,,,1,CHAMBER VACUUM,95.8,114.3,OK,00020.LOG,,,,,,,,,,,,,16
5759,1/14/2019 14:41,0.08,,19.7,19.8,,,1,CHAMBER VACUUM,95.8,114.3,OK,00020.LOG,,,,,,,,,,,,,16
5760,1/14/2019 14:41,0.08,,19.7,19.8,,,1,CHAMBER VACUUM,95.8,114.3,OK,00020.LOG,,,,,,,,,,,,,16
5761,1/14/2019 14:41,0.08,,19.7,19.8,,,1,CHAMBER VACUUM,95.8,114.3,OK,00020.LOG,,,,,,,,,,,,,16
5762,1/14/2019 14:41,0.08,,19.7,19.8,,,1,CHAMBER VACUUM,95.8,114.3,OK,00020.LOG,,,,,,,,,,,,,16
5763,1/14/2019 14:41,0.08,,19.7,19.8,,,1,CHAMBER VACUUM,95.8,114.3,OK,00020.LOG,,,,,,,,,,,,,16
5764,1/14/2019 14:42,0.08,,19.7,19.8,,,1,CHAMBER VACUUM,95.8,114.3,OK,00020.LOG,,,,,,,,,,,,,16
5765,1/14/2019 14:42,0.08,,19.7,19.8,,,1,CHAMBER VACUUM,95.8,114.3,OK,00020.LOG,,,,,,,,,,,,,16
5766,1/14/2019 14:42,0.08,,19.7,19.8,,,1,CHAMBER VACUUM,95.8,114.3,OK,00020.LOG,,,,,,,,,,,,,16
5767,1/14/2019 14:42,0.08,,19.7,19.8,,,1,CHAMBER VACUUM,95.8,114.3,OK,00020.LOG,,,,,,,,,,,,,16
5768,1/14/2019 14:42,0.08,,19.7,19.8,,,1,CHAMBER VACUUM,95.8,114.3,OK,00020.LOG,,,,,,,,,,,,,16
5769,1/14/2019 14:42,0.08,,19.7,19.8,,,1,CHAMBER VACUUM,95.8,114.3,OK,00020.LOG,,,,,,,,,,,,,16
5770,1/14/2019 14:43,0.08,,19.7,19.8,,,1,CHAMBER VACUUM,95.8,114.3,OK,00020.LOG,,,,,,,,,,,,,16
5771,1/14/2019 14:43,0.08,,19.7,19.8,,,1,CHAMBER VACUUM,95.8,114.3,OK,00020.LOG,,,,,,,,,,,,,16
5772,1/14/2019 14:43,0.08,,19.7,19.8,,,1,CHAMBER VACUUM,95.8,114.3,OK,00020.LOG,,,,,,,,,,,,,16
5773,1/14/2019 14:43,0.08,,19.7,19.8,,,1,CHAMBER VACUUM,95.8,114.3,OK,00020.LOG,,,,,,,,,,,,,16
5774,1/14/2019 14:43,0.08,,19.7,19.8,,,1,CHAMBER VACUUM,95.8,114.3,OK,00020.LOG,,,,,,,,,,,,,16
5775,1/14/2019 14:43,0.08,,19.7,19.8,,,1,CHAMBER VACUUM,95.8,114.3,OK,00020.LOG,,,,,,,,,,,,,16
5776,1/14/2019 14:44,0.08,,19.7,19.8,,,1,CHAMBER VACUUM,95.8,114.3,OK,00020.LOG,,,,,,,,,,,,,16
5777,1/14/2019 14:44,0.08,,19.7,19.8,,,1,CHAMBER VACUUM,95.8,114.3,OK,00020.LOG,,,,,,,,,,,,,16
5778,1/14/2019 14:44,0.08,,19.7,19.8,,,1,CHAMBER VACUUM,95.8,114.3,OK,00020.LOG,,,,,,,,,,,,,16
5779,1/14/2019 14:44,0.08,,19.7,19.8,,,1,CHAMBER VACUUM,95.8,114.3,OK,00020.LOG,,,,,,,,,,,,,16
5780,1/14/2019 14:44,0.08,,19.7,19.8,,,1,CHAMBER VACUUM,95.8,114.3,OK,00020.LOG,,,,,,,,,,,,,16
5781,1/14/2019 14:44,0.08,,19.7,19.8,,,1,CHAMBER VACUUM,95.8,114.3,OK,00020.LOG,,,,,,,,,,,,,16
5782,1/14/2019 14:45,0.08,,19.7,19.8,,,1,CHAMBER VACUUM,95.8,114.3,OK,00020.LOG,,,,,,,,,,,,,16
5783,1/14/2019 14:45,0.08,,19.7,19.8,,,1,CHAMBER VACUUM,95.8,114.3,OK,00020.LOG,,,,,,,,,,,,,16
5784,1/14/2019 14:45,0.08,,19.7,19.8,,,1,CHAMBER VACUUM,95.8,114.3,OK,00020.LOG,,,,,,,,,,,,,16
5785,1/14/2019 14:45,0.08,,19.7,19.8,,,1,CHAMBER VACUUM,95.8,114.3,OK,00020.LOG,,,,,,,,,,,,,16
5786,1/14/2019 14:45,0.08,,19.7,19.8,,,1,CHAMBER VACUUM,95.8,114.3,OK,00020.LOG,,,,,,,,,,,,,16
5787,1/14/2019 14:45,0.08,,19.7,19.8,,,1,CHAMBER VACUUM,95.8,114.3,OK,00020.LOG,,,,,,,,,,,,,16
5788,1/14/2019 14:45,0.08,,19.7,19.8,,,1,CHAMBER VACUUM,95.8,114.3,OK,00020.LOG,,,,,,,,,,,,,16
5789,1/14/2019 14:45,0.08,,19.7,19.8,,,1,CHAMBER VACUUM,95.8,114.3,OK,00020.LOG,,,,,,,,,,,,,16
5790,1/14/2019 14:46,0.08,,19.7,19.8,,,1,CHAMBER VACUUM,95.8,114.3,OK,00020.LOG,,,,,,,,,,,,,16
5791,1/14/2019 14:46,0.08,,19.8,19.8,,,1,CHAMBER VACUUM,95.8,114.3,OK,00020.LOG,,,,,,,,,,,,,16
5792,1/14/2019 14:46,0.08,,19.8,19.8,,,1,CHAMBER VACUUM,95.8,114.3,OK,00020.LOG,,,,,,,,,,,,,16
5793,1/14/2019 14:46,0.08,,19.8,19.8,,,1,CHAMBER VACUUM,95.8,114.3,OK,00020.LOG,,,,,,,,,,,,,16
5794,1/14/2019 14:46,0.08,,19.8,19.8,,,1,CHAMBER VACUUM,95.8,114.3,OK,00020.LOG,,,,,,,,,,,,,16
5795,1/14/2019 14:46,0.08,,19.8,19.8,,,1,CHAMBER VACUUM,95.8,114.3,OK,00020.LOG,,,,,,,,,,,,,16
5796,1/14/2019 14:47,0.08,,19.8,19.8,,,1,CHAMBER VACUUM,95.8,114.3,OK,00020.LOG,,,,,,,,,,,,,16
5797,1/14/2019 14:47,0.08,,19.8,19.8,,,1,CHAMBER VACUUM,95.8,114.3,OK,00020.LOG,,,,,,,,,,,,,16
5798,1/14/2019 14:47,0.08,,19.8,19.8,,,1,CHAMBER VACUUM,95.8,114.3,OK,00020.LOG,,,,,,,,,,,,,16
5799,1/14/2019 14:47,0.08,,19.8,19.8,,,1,CHAMBER VACUUM,95.8,114.3,OK,00020.LOG,,,,,,,,,,,,,16
5800,1/14/2019 14:47,0.08,,19.8,19.8,,,1,CHAMBER VACUUM,95.8,114.3,OK,00020.LOG,,,,,,,,,,,,,16
5801,1/14/2019 14:47,0.08,,19.8,19.8,,,1,CHAMBER VACUUM,95.8,114.3,OK,00020.LOG,,,,,,,,,,,,,16
5802,1/14/2019 14:48,0.08,,19.8,19.8,,,1,CHAMBER VACUUM,95.8,114.3,OK,00020.LOG,,,,,,,,,,,,,16
5803,1/14/2019 14:48,0.08,,19.8,19.8,,,1,CHAMBER VACUUM,95.8,114.3,OK,00020.LOG,,,,,,,,,,,,,16
5804,1/14/2019 14:48,0.08,,19.8,19.8,,,1,CHAMBER VACUUM,95.8,114.3,OK,00020.LOG,,,,,,,,,,,,,16
5805,1/14/2019 14:48,0.08,,19.8,19.8,,,1,CHAMBER VACUUM,95.8,114.3,OK,00020.LOG,,,,,,,,,,,,,16
5806,1/14/2019 14:48,0.08,,19.8,19.8,,,1,CHAMBER VACUUM,95.8,114.3,OK,00020.LOG,,,,,,,,,,,,,16
5807,1/14/2019 14:48,0.08,,19.8,19.8,,,1,CHAMBER VACUUM,95.8,114.3,OK,00020.LOG,,,,,,,,,,,,,16
5808,1/14/2019 14:49,0.08,,19.8,19.8,,,1,CHAMBER VACUUM,95.8,114.3,OK,00020.LOG,,,,,,,,,,,,,16
5809,1/14/2019 14:49,0.08,,19.8,19.8,,,1,CHAMBER VACUUM,95.8,114.3,OK,00020.LOG,,,,,,,,,,,,,16
5810,1/14/2019 14:49,0.08,,19.8,19.8,,,1,CHAMBER VACUUM,95.8,114.3,OK,00020.LOG,,,,,,,,,,,,,16
5811,1/14/2019 14:49,0.08,,19.8,19.8,,,1,CHAMBER VACUUM,95.8,114.3,OK,00020.LOG,,,,,,,,,,,,,16
5812,1/14/2019 14:49,0.08,,19.8,19.8,,,1,CHAMBER VACUUM,95.8,114.3,OK,00020.LOG,,,,,,,,,,,,,16
5813,1/14/2019 14:49,0.08,,19.8,19.8,,,1,CHAMBER VACUUM,95.8,114.3,OK,00020.LOG,,,,,,,,,,,,,16
5814,1/14/2019 14:50,0.08,,19.8,19.8,,,1,CHAMBER VACUUM,95.8,114.3,OK,00020.LOG,,,,,,,,,,,,,16
5815,1/14/2019 14:50,0.08,,19.8,19.8,,,1,CHAMBER VACUUM,95.8,114.3,OK,00020.LOG,,,,,,,,,,,,,16
5816,1/14/2019 14:50,0.08,,19.8,19.8,,,1,CHAMBER VACUUM,95.8,114.3,OK,00020.LOG,,,,,,,,,,,,,16
5817,1/14/2019 14:50,0.08,,19.9,19.9,,,1,CHAMBER VACUUM,95.8,114.3,OK,00020.LOG,,,,,,,,,,,,,16
5818,1/14/2019 14:50,0.08,,19.9,19.9,,,1,CHAMBER VACUUM,95.8,114.3,OK,00020.LOG,,,,,,,,,,,,,16
5819,1/14/2019 14:50,0.08,,19.9,19.9,,,1,CHAMBER VACUUM,95.8,114.3,OK,00020.LOG,,,,,,,,,,,,,16
5820,1/14/2019 14:51,0.08,,19.9,19.9,,,1,CHAMBER VACUUM,95.8,114.3,OK,00020.LOG,,,,,,,,,,,,,16
5821,1/14/2019 14:51,0.08,,19.9,19.9,,,1,CHAMBER VACUUM,95.8,114.3,OK,00020.LOG,,,,,,,,,,,,,16
5822,1/14/2019 14:51,0.08,,19.9,19.9,,,1,CHAMBER VACUUM,95.8,114.3,OK,00020.LOG,,,,,,,,,,,,,16
5823,1/14/2019 14:51,0.08,,19.9,19.9,,,1,CHAMBER VACUUM,95.8,114.3,OK,00020.LOG,,,,,,,,,,,,,16
5824,1/14/2019 14:51,0.08,,19.9,19.9,,,1,CHAMBER VACUUM,95.8,114.3,OK,00020.LOG,,,,,,,,,,,,,16
5825,1/14/2019 14:51,0.08,,19.9,19.9,,,1,CHAMBER VACUUM,95.8,114.3,OK,00020.LOG,,,,,,,,,,,,,16
5826,1/14/2019 14:52,0.08,,19.9,19.9,,,1,CHAMBER VACUUM,95.8,114.3,OK,00020.LOG,,,,,,,,,,,,,16
5827,1/14/2019 14:52,0.08,,19.9,19.9,,,1,CHAMBER VACUUM,95.8,114.3,OK,00020.LOG,,,,,,,,,,,,,16
5828,1/14/2019 14:52,0.08,,19.9,19.9,,,1,CHAMBER VACUUM,95.8,114.3,OK,00020.LOG,,,,,,,,,,,,,16
5829,1/14/2019 14:52,0.08,,19.9,19.9,,,1,CHAMBER VACUUM,95.8,114.3,OK,00020.LOG,,,,,,,,,,,,,16
5830,1/14/2019 14:52,0.08,,19.9,19.9,,,1,CHAMBER VACUUM,95.8,114.3,OK,00020.LOG,,,,,,,,,,,,,16
5831,1/14/2019 14:52,0.08,,19.9,19.9,,,1,CHAMBER VACUUM,95.8,114.3,OK,00020.LOG,,,,,,,,,,,,,16
5832,1/14/2019 14:53,0.08,,19.9,19.9,,,1,CHAMBER VACUUM,95.8,114.3,OK,00020.LOG,,,,,,,,,,,,,16
5833,1/14/2019 14:53,0.08,,19.9,19.9,,,1,CHAMBER VACUUM,95.8,114.3,OK,00020.LOG,,,,,,,,,,,,,16
5834,1/14/2019 14:53,0.08,,19.9,19.9,,,1,CHAMBER VACUUM,95.8,114.3,OK,00020.LOG,,,,,,,,,,,,,16
5835,1/14/2019 14:53,0.08,,19.9,19.9,,,1,CHAMBER VACUUM,95.8,114.3,OK,00020.LOG,,,,,,,,,,,,,16
5836,1/14/2019 14:53,0.08,,19.9,19.9,,,1,CHAMBER VACUUM,95.8,114.3,OK,00020.LOG,,,,,,,,,,,,,16
5837,1/14/2019 14:53,0.08,,19.9,19.9,,,1,CHAMBER VACUUM,95.8,114.3,OK,00020.LOG,,,,,,,,,,,,,16
5838,1/14/2019 14:54,0.08,,19.9,19.9,,,1,CHAMBER VACUUM,95.8,114.3,OK,00020.LOG,,,,,,,,,,,,,16
5839,1/14/2019 14:54,0.08,,20,19.9,,,1,CHAMBER VACUUM,95.8,114.3,OK,00020.LOG,,,,,,,,,,,,,16
5840,1/14/2019 14:54,0.08,,20,19.9,,,1,CHAMBER VACUUM,95.8,114.3,OK,00020.LOG,,,,,,,,,,,,,16
5841,1/14/2019 14:54,0.08,,20,20,,,1,CHAMBER VACUUM,95.8,114.3,OK,00020.LOG,,,,,,,,,,,,,16
5842,1/14/2019 14:54,0.08,,20,20,,,1,CHAMBER VACUUM,95.8,114.3,OK,00020.LOG,,,,,,,,,,,,,16
5843,1/14/2019 14:54,0.08,,20,20,,,1,CHAMBER VACUUM,95.8,114.3,OK,00020.LOG,,,,,,,,,,,,,16
5844,1/14/2019 14:55,0.08,,20,20,,,1,CHAMBER VACUUM,95.8,114.3,OK,00020.LOG,,,,,,,,,,,,,16
5845,1/14/2019 14:55,0.08,,20,20,,,1,CHAMBER VACUUM,95.8,114.3,OK,00020.LOG,,,,,,,,,,,,,16
5846,1/14/2019 14:55,0.08,,20,20,,,1,CHAMBER VACUUM,95.8,114.3,OK,00020.LOG,,,,,,,,,,,,,16
5847,1/14/2019 14:55,0.08,,20,20,,,1,CHAMBER VACUUM,95.8,114.3,OK,00020.LOG,,,,,,,,,,,,,16
5848,1/14/2019 14:55,0.08,,20,20,,,1,CHAMBER VACUUM,95.8,114.3,OK,00020.LOG,,,,,,,,,,,,,16
5849,1/14/2019 14:55,0.08,,20,20,,,1,CHAMBER VACUUM,95.8,114.3,OK,00020.LOG,,,,,,,,,,,,,16
5850,1/14/2019 14:56,0.08,,20,20,,,1,CHAMBER VACUUM,95.8,114.3,OK,00020.LOG,,,,,,,,,,,,,16
5851,1/14/2019 14:56,0.08,,20,20,,,1,CHAMBER VACUUM,95.8,114.3,OK,00020.LOG,,,,,,,,,,,,,16
5852,1/14/2019 14:56,0.08,,20,20,,,1,CHAMBER VACUUM,95.8,114.3,OK,00020.LOG,,,,,,,,,,,,,16
5853,1/14/2019 14:56,0.08,,20,20,,,1,CHAMBER VACUUM,95.8,114.3,OK,00020.LOG,,,,,,,,,,,,,16
5854,1/14/2019 14:56,0.08,,20,20,,,1,CHAMBER VACUUM,95.8,114.3,OK,00020.LOG,,,,,,,,,,,,,16
5855,1/14/2019 14:56,0.08,,20,20,,,1,CHAMBER VACUUM,95.8,114.3,OK,00020.LOG,,,,,,,,,,,,,16
5856,1/14/2019 14:57,0.08,,20,20,,,1,CHAMBER VACUUM,95.8,114.3,OK,00020.LOG,,,,,,,,,,,,,16
5857,1/14/2019 14:57,0.08,,20,20,,,1,CHAMBER VACUUM,95.8,114.3,OK,00020.LOG,,,,,,,,,,,,,16
5858,1/14/2019 14:57,0.08,,20,20,,,1,CHAMBER VACUUM,95.8,114.3,OK,00020.LOG,,,,,,,,,,,,,16
5859,1/14/2019 14:57,0.08,,20,20,,,1,CHAMBER VACUUM,95.8,114.3,OK,00020.LOG,,,,,,,,,,,,,16
5860,1/14/2019 14:57,0.08,,20,20,,,1,CHAMBER VACUUM,95.8,114.3,OK,00020.LOG,,,,,,,,,,,,,16
5861,1/14/2019 14:57,0.08,,20,20.1,,,1,CHAMBER VACUUM,95.8,114.3,OK,00020.LOG,,,,,,,,,,,,,16
5862,1/14/2019 14:58,0.08,,20,20.1,,,1,CHAMBER VACUUM,95.8,114.3,OK,00020.LOG,,,,,,,,,,,,,16
5863,1/14/2019 14:58,0.08,,20,20.1,,,1,CHAMBER VACUUM,95.8,114.3,OK,00020.LOG,,,,,,,,,,,,,16
5864,1/14/2019 14:58,0.08,,20,20.1,,,1,CHAMBER VACUUM,95.8,114.3,OK,00020.LOG,,,,,,,,,,,,,16
5865,1/14/2019 14:58,0.08,,20.1,20.1,,,1,CHAMBER VACUUM,95.8,114.3,OK,00020.LOG,,,,,,,,,,,,,16
5866,1/14/2019 14:58,0.08,,20.1,20.1,,,1,CHAMBER VACUUM,95.8,114.3,OK,00020.LOG,,,,,,,,,,,,,16
5867,1/14/2019 14:58,0.08,,20.1,20.1,,,1,CHAMBER VACUUM,95.8,114.3,OK,00020.LOG,,,,,,,,,,,,,16
5868,1/14/2019 14:59,0.08,,20.1,20.1,,,1,CHAMBER VACUUM,95.8,114.3,OK,00020.LOG,,,,,,,,,,,,,16
5869,1/14/2019 14:59,0.08,,20.1,20.1,,,1,CHAMBER VACUUM,95.8,114.3,OK,00020.LOG,,,,,,,,,,,,,16
5870,1/14/2019 14:59,0.08,,20.1,20.1,,,1,CHAMBER VACUUM,95.8,114.3,OK,00020.LOG,,,,,,,,,,,,,16
5871,1/14/2019 14:59,0.08,,20.1,20.1,,,1,CHAMBER VACUUM,95.8,114.3,OK,00020.LOG,,,,,,,,,,,,,16
5872,1/14/2019 14:59,0.08,,20.1,20.1,,,1,CHAMBER VACUUM,95.8,114.3,OK,00020.LOG,,,,,,,,,,,,,16
5873,1/14/2019 14:59,0.08,,20.1,20.1,,,1,CHAMBER VACUUM,95.8,114.3,OK,00020.LOG,,,,,,,,,,,,,16
5874,1/14/2019 15:00,0.08,,20.1,20.1,,,1,CHAMBER VACUUM,95.8,114.3,OK,00020.LOG,,,,,,,,,,,,,16
5875,1/14/2019 15:00,0.08,,20.1,20.1,,,1,CHAMBER VACUUM,95.8,114.3,OK,00020.LOG,,,,,,,,,,,,,16
5876,1/14/2019 15:00,0.08,,20.1,20.1,,,1,CHAMBER VACUUM,95.8,114.3,OK,00020.LOG,,,,,,,,,,,,,16
5877,1/14/2019 15:00,0.08,,20.1,20.1,,,1,CHAMBER VACUUM,95.8,114.3,OK,00020.LOG,,,,,,,,,,,,,16
5878,1/14/2019 15:00,0.08,,20.1,20.1,,,1,CHAMBER VACUUM,95.8,114.3,OK,00020.LOG,,,,,,,,,,,,,16
5879,1/14/2019 15:00,0.08,,20.1,20.1,,,1,CHAMBER VACUUM,95.8,114.3,OK,00020.LOG,,,,,,,,,,,,,16
5880,1/14/2019 15:01,0.08,,20.1,20.1,,,1,CHAMBER VACUUM,95.8,114.3,OK,00020.LOG,,,,,,,,,,,,,16
5881,1/14/2019 15:01,0.08,,20.1,20.1,,,1,CHAMBER VACUUM,95.8,114.3,OK,00020.LOG,,,,,,,,,,,,,16
5882,1/14/2019 15:01,0.08,,20.1,20.1,,,1,CHAMBER VACUUM,95.8,114.3,OK,00020.LOG,,,,,,,,,,,,,16
5883,1/14/2019 15:01,0.08,,20.1,20.1,,,1,CHAMBER VACUUM,95.8,114.3,OK,00020.LOG,,,,,,,,,,,,,16
5884,1/14/2019 15:01,0.08,,20.1,20.2,,,1,CHAMBER VACUUM,95.8,114.3,OK,00020.LOG,,,,,,,,,,,,,16
5885,1/14/2019 15:01,0.08,,20.1,20.2,,,1,CHAMBER VACUUM,95.8,114.3,OK,00020.LOG,,,,,,,,,,,,,16
5886,1/14/2019 15:01,0.08,,20.1,20.2,,,1,RETURN TO,95.8,114.3,OK,00020.LOG,,,,,,,,,,,,,16
5887,1/14/2019 15:01,0.1,,20.1,20.2,,,1,RETURN TO,95.8,114.3,OK,00020.LOG,,,,,,,,,,,,,16
5888,1/14/2019 15:02,0.17,,20.2,20.2,,,1,RETURN TO,95.8,114.3,OK,00020.LOG,,,,,,,,,,,,,16
5889,1/14/2019 15:02,0.23,,20.6,20.6,,,1,RETURN TO,95.8,114.3,OK,00020.LOG,,,,,,,,,,,,,16
5890,1/14/2019 15:02,0.29,,21.1,21.1,,,1,RETURN TO,95.8,114.3,OK,00020.LOG,,,,,,,,,,,,,16
5891,1/14/2019 15:02,0.35,,21.6,21.6,,,1,RETURN TO,95.8,114.3,OK,00020.LOG,,,,,,,,,,,,,16
5892,1/14/2019 15:02,0.41,,22.1,22,,,1,RETURN TO,95.8,114.3,OK,00020.LOG,,,,,,,,,,,,,16
5893,1/14/2019 15:02,0.47,,22.5,22.4,,,1,RETURN TO,95.8,114.3,OK,00020.LOG,,,,,,,,,,,,,16
5894,1/14/2019 15:03,0.53,,22.9,22.8,,,1,RETURN TO,95.8,114.3,OK,00020.LOG,,,,,,,,,,,,,16
5895,1/14/2019 15:03,0.58,,23.3,23.2,,,1,RETURN TO,95.8,114.3,OK,00020.LOG,,,,,,,,,,,,,16
5896,1/14/2019 15:03,0.63,,23.7,23.5,,,1,RETURN TO,95.8,114.3,OK,00020.LOG,,,,,,,,,,,,,16
5897,1/14/2019 15:03,0.68,,23.9,23.8,,,1,RETURN TO,95.8,114.3,OK,00020.LOG,,,,,,,,,,,,,16
5898,1/14/2019 15:03,0.72,,24.1,24.1,,,1,RETURN TO,95.8,114.3,OK,00020.LOG,,,,,,,,,,,,,16
5899,1/14/2019 15:03,0.76,,24.3,24.4,,,1,RETURN TO,95.8,114.3,OK,00020.LOG,,,,,,,,,,,,,16
5900,1/14/2019 15:04,0.79,,24.5,24.6,,,1,RETURN TO,95.8,114.3,OK,00020.LOG,,,,,,,,,,,,,16
5901,1/14/2019 15:04,0.83,,24.7,24.8,,,1,RETURN TO,95.8,114.3,OK,00020.LOG,,,,,,,,,,,,,16
5902,1/14/2019 15:04,0.86,,24.8,25,,,1,RETURN TO,95.8,114.3,OK,00020.LOG,,,,,,,,,,,,,16
5903,1/14/2019 15:04,0.88,,24.8,25.1,,,1,RETURN TO,95.8,114.3,OK,00020.LOG,,,,,,,,,,,,,16
5904,1/14/2019 15:04,0.9,,24.9,25.2,,,1,RETURN TO,95.8,114.3,OK,00020.LOG,,,,,,,,,,,,,16
5905,1/14/2019 15:04,0.91,,24.9,25.3,,,1,RETURN TO,95.8,114.3,OK,00020.LOG,,,,,,,,,,,,,16
5906,1/14/2019 15:04,0.92,,24.9,25.3,,,1,RETURN TO,95.8,114.3,OK,00020.LOG,,,,,,,,,,,,,16
5907,1/14/2019 15:05,0.94,,25,25.4,,,1,RETURN TO,95.8,114.3,OK,00020.LOG,,,,,,,,,,,,,16
5908,1/14/2019 15:05,0.95,,25,25.5,,,1,RETURN TO,95.8,114.3,OK,00020.LOG,,,,,,,,,,,,,16
5909,1/14/2019 15:05,0.96,,25,25.5,,,1,RETURN TO,95.8,114.3,OK,00020.LOG,,,,,,,,,,,,,16
5910,1/14/2019 15:05,0.96,,25.1,25.5,,,1,RETURN TO,95.8,114.3,OK,00020.LOG,,,,,,,,,,,,,16
5911,1/14/2019 15:05,0.97,,25.1,25.6,,,1,RETURN TO,95.8,114.3,OK,00020.LOG,,,,,,,,,,,,,16
5912,1/14/2019 15:05,0.97,,25.1,25.6,,,1,RETURN TO,95.8,114.3,OK,00020.LOG,,,,,,,,,,,,,16
5913,1/14/2019 15:05,0.98,,25.1,25.6,,,1,RETURN TO,95.8,114.3,OK,00020.LOG,,,,,,,,,,,,,16
5914,1/14/2019 15:05,0.98,,25.1,25.6,,,1,CYCLE END,95.8,114.3,OK,00020.LOG,,,,,,,,,,,,,16
